{
  "SEX": 0.43042857142857144,
  "HOSPITALIZED": 0.5247142857142857,
  "PNEUMONIA": 0.3964285714285714,
  "AGE": 51.050714285714285,
  "PREGNANT": 0.0054285714285714284,
  "DIABETES": 0.24271428571428572,
  "COPD": 0.03,
  "ASTHMA": 0.02542857142857143,
  "IMMUNOSUPPRESSION": 0.02142857142857143,
  "HYPERTENSION": 0.28814285714285715,
  "OTHER_DISEASE": 0.04171428571428572,
  "CARDIOVASCULAR": 0.034,
  "OBESITY": 0.18314285714285714,
  "RENAL_CHRONIC": 0.04371428571428571,
  "TOBACCO": 0.08428571428571428,
  "COVID_POSITIVE": 0.5384285714285715
}