{
  "Decision Tree": {
    "accuracy": 0.9013333333333333,
    "precision": 0.8734491315136477,
    "recall": 0.9386666666666666,
    "f1": 0.9048843187660668,
    "auc": 0.941421111111111
  },
  "Random Forest": {
    "accuracy": 0.9093333333333333,
    "precision": 0.8771498771498771,
    "recall": 0.952,
    "f1": 0.9130434782608695,
    "auc": 0.9481802222222223
  },
  "LightGBM": {
    "accuracy": 0.9083333333333333,
    "precision": 0.879727216367018,
    "recall": 0.946,
    "f1": 0.911660777385159,
    "auc": 0.9500915555555554
  }
}